{"cameraMode":{"drawMode":0,"name":"Shaded","section":"Shading Mode"},"sceneLighting":false,"audioPlay":false,"sceneViewState":{"m_AlwaysRefresh":false,"showFog":true,"showSkybox":false,"showFlares":true,"showImageEffects":true,"showParticleSystems":true,"showVisualEffectGraphs":true,"m_FxEnabled":true},"in2DMode":false,"pivot":{"x":3.5999999046325685,"y":0.6420000195503235,"z":6.77400016784668},"rotation":{"x":0.09463824331760407,"y":-0.025388887152075769,"z":0.0024116879794746639,"w":0.9951968789100647},"size":0.34951096773147585,"orthographic":false}