{"cameraMode":{"drawMode":0,"name":"Shaded","section":"Shading Mode"},"sceneLighting":true,"audioPlay":false,"sceneViewState":{"m_AlwaysRefresh":false,"showFog":true,"showSkybox":true,"showFlares":true,"showImageEffects":true,"showParticleSystems":true,"showVisualEffectGraphs":true,"m_FxEnabled":true},"in2DMode":false,"pivot":{"x":2.4523749351501467,"y":1.5844416618347169,"z":3.3231639862060549},"rotation":{"x":-0.029413223266601564,"y":0.002699880860745907,"z":-0.00005768031769548543,"w":-0.9995815753936768},"size":7.071068286895752,"orthographic":false}