{"cameraMode":{"drawMode":0,"name":"Shaded","section":"Shading Mode"},"sceneLighting":true,"audioPlay":false,"sceneViewState":{"m_AlwaysRefresh":false,"showFog":true,"showSkybox":true,"showFlares":true,"showImageEffects":true,"showParticleSystems":true,"showVisualEffectGraphs":true,"m_FxEnabled":true},"in2DMode":false,"pivot":{"x":380.14788818359377,"y":-5.292211055755615,"z":392.4753723144531},"rotation":{"x":0.10776068270206452,"y":0.07864866405725479,"z":-0.008546647615730763,"w":0.9910363554954529},"size":294.2547912597656,"orthographic":false}