{"cameraMode":{"drawMode":0,"name":"Shaded","section":"Shading Mode"},"sceneLighting":true,"audioPlay":false,"sceneViewState":{"m_AlwaysRefresh":false,"showFog":true,"showSkybox":true,"showFlares":true,"showImageEffects":true,"showParticleSystems":true,"showVisualEffectGraphs":true,"m_FxEnabled":true},"in2DMode":false,"pivot":{"x":9.131217002868653,"y":0.7261475324630737,"z":13.233323097229004},"rotation":{"x":-0.04975540563464165,"y":-0.15842749178409577,"z":0.008014291524887085,"w":-0.9861060976982117},"size":7.071068286895752,"orthographic":false}