{"cameraMode":{"drawMode":0,"name":"Shaded","section":"Shading Mode"},"sceneLighting":true,"audioPlay":false,"sceneViewState":{"m_AlwaysRefresh":false,"showFog":true,"showSkybox":true,"showFlares":true,"showImageEffects":true,"showParticleSystems":true,"showVisualEffectGraphs":true,"m_FxEnabled":true},"in2DMode":false,"pivot":{"x":-0.18800537288188935,"y":-0.6603583097457886,"z":8.608325958251954},"rotation":{"x":-0.13081787526607514,"y":0.3248635232448578,"z":-0.04540500044822693,"w":-0.9355916976928711},"size":7.071067810058594,"orthographic":false}