{"cameraMode":{"drawMode":0,"name":"Shaded","section":"Shading Mode"},"sceneLighting":true,"audioPlay":false,"sceneViewState":{"m_AlwaysRefresh":false,"showFog":true,"showSkybox":true,"showFlares":true,"showImageEffects":true,"showParticleSystems":true,"showVisualEffectGraphs":true,"m_FxEnabled":true},"in2DMode":false,"pivot":{"x":243.163330078125,"y":276.8689270019531,"z":-342.44415283203127},"rotation":{"x":-0.09825631976127625,"y":-0.007760016713291407,"z":0.0007873659487813711,"w":-0.995143711566925},"size":12.506597518920899,"orthographic":false}