{"cameraMode":{"drawMode":0,"name":"Shaded","section":"Shading Mode"},"sceneLighting":true,"audioPlay":false,"sceneViewState":{"m_AlwaysRefresh":false,"showFog":true,"showSkybox":true,"showFlares":true,"showImageEffects":true,"showParticleSystems":true,"showVisualEffectGraphs":true,"m_FxEnabled":true},"in2DMode":false,"pivot":{"x":14.34052848815918,"y":2.0254411697387697,"z":8.098919868469239},"rotation":{"x":0.21007847785949708,"y":0.31457436084747317,"z":-0.0716116651892662,"w":0.9229325652122498},"size":0.8705304265022278,"orthographic":false}